<configuration>

    <conversionRule conversionWord="coloredLevel" converterClass="play.api.Logger$ColoredLevel" />

    <appender name="FILE" class="ch.qos.logback.core.rolling.RollingFileAppender">
        <file>${user.dir}/logs/application.log</file>
        <rollingPolicy class="ch.qos.logback.core.rolling.TimeBasedRollingPolicy">
            <!-- Daily rollover with compression -->
            <fileNamePattern>application-log-%d{yyyy-MM-dd}.gz</fileNamePattern>
            <!-- keep 30 days worth of history -->
            <maxHistory>30</maxHistory>
        </rollingPolicy>
        <encoder>
            <pattern>%date{yyyy-MM-dd HH:mm:ss ZZZZ} [%level] from %logger in %thread - %n%message%n%xException</pattern>
        </encoder>
    </appender>

    <appender name="STDOUT" class="ch.qos.logback.core.ConsoleAppender">
        <encoder>
            <pattern>%coloredLevel %logger{15} - %message%n%xException{5}</pattern>
        </encoder>
    </appender>

    <appender name="ACCESS_FILE" class="ch.qos.logback.core.rolling.RollingFileAppender">
        <file>${user.dir}/logs/access.log</file>
        <rollingPolicy class="ch.qos.logback.core.rolling.TimeBasedRollingPolicy">
            <!-- daily rollover with compression -->
            <fileNamePattern>access-log-%d{yyyy-MM-dd}.gz</fileNamePattern>
            <!-- keep 1 week worth of history -->
            <maxHistory>7</maxHistory>
        </rollingPolicy>
        <encoder>
            <pattern>%date{yyyy-MM-dd HH:mm:ss ZZZZ} %message%n</pattern>
            <!-- this quadruples logging throughput -->
            <immediateFlush>false</immediateFlush>
        </encoder>
    </appender>

    <!-- Set Logging levels at various levels of application-->
    <logger name="play" level="INFO" /> <!-- Play framework level -->
    <logger name="application" level="TRACE" /> <!-- Application level -->
    <logger name="controllers" level="DEBUG" /> <!-- Controllers level -->

    <!-- additivity=false ensures access log data only goes to the access log -->
    <logger name="access" level="INFO" additivity="false">
        <appender-ref ref="ACCESS_FILE" />
    </logger>

    <root level="INFO">
        <appender-ref ref="FILE"/>
        <appender-ref ref="STDOUT" />
    </root>

</configuration>